City_ID,City,Country,Date,Lat,Lng,Max Temp,Humidity,Cloudiness,Wind Speed
0,Finschhafen,PG,2022-01-20 22:43:46,-6.6024,147.8681,81.77,77,99,1.9
1,Albany,US,2022-01-20 22:40:46,42.6001,-73.9662,20.48,57,23,15.99
2,Hobart,AU,2022-01-20 22:43:47,-42.8794,147.3294,71.02,61,0,1.01
3,Cape Town,ZA,2022-01-20 22:42:50,-33.9258,18.4232,66.27,75,0,5.01
4,Yamasaki,JP,2022-01-20 22:43:47,35.0,134.55,36.48,87,22,3.27
5,Tuktoyaktuk,CA,2022-01-20 22:43:48,69.4541,-133.0374,-22.0,76,75,14.97
6,Hilo,US,2022-01-20 22:43:48,19.7297,-155.09,78.8,69,75,10.36
7,Rikitea,PF,2022-01-20 22:43:48,-23.1203,-134.9692,78.57,73,100,8.5
8,Kampot,KH,2022-01-20 22:43:49,10.6167,104.1833,71.65,83,18,2.33
9,Lorengau,PG,2022-01-20 22:43:49,-2.0226,147.2712,81.68,78,100,6.8
10,Tasiilaq,GL,2022-01-20 22:43:50,65.6145,-37.6368,32.16,98,100,15.77
11,Codrington,AU,2022-01-20 22:43:51,-38.2667,141.9667,80.83,32,0,8.99
12,Noumea,NC,2022-01-20 22:43:51,-22.2763,166.4572,80.01,99,90,12.57
13,Vila Franca Do Campo,PT,2022-01-20 22:43:51,37.7167,-25.4333,63.01,84,16,16.91
14,Jamestown,US,2022-01-20 22:41:06,42.097,-79.2353,15.12,72,100,5.75
15,Amapa,BR,2022-01-20 22:43:52,1.0,-52.0,72.39,99,80,2.89
16,Hami,CN,2022-01-20 22:43:52,42.8,93.45,26.01,46,100,1.39
17,Fortuna,US,2022-01-20 22:43:52,40.5982,-124.1573,64.18,81,20,4.0
18,Itapirapua,BR,2022-01-20 22:43:52,-15.8233,-50.6133,74.79,82,8,3.67
19,Punta Arenas,CL,2022-01-20 22:43:53,-53.15,-70.9167,68.11,37,0,4.61
20,Sarrebourg,FR,2022-01-20 22:43:53,48.7333,7.05,35.17,95,44,3.6
21,Mataura,NZ,2022-01-20 22:43:53,-46.1927,168.8643,57.47,61,71,8.48
22,Villarrica,PY,2022-01-20 22:43:54,-25.75,-56.4333,92.03,31,73,5.19
23,Kodiak,US,2022-01-20 22:43:54,57.79,-152.4072,36.91,87,100,21.85
24,Lagoa,PT,2022-01-20 22:43:54,39.05,-27.9833,61.11,87,95,19.69
25,Bluff,NZ,2022-01-20 22:43:55,-46.6,168.3333,57.79,72,72,16.53
26,Vasilsursk,RU,2022-01-20 22:43:55,56.1275,46.0072,12.09,87,99,11.23
27,Moberly,US,2022-01-20 22:43:55,39.4184,-92.4382,17.64,50,0,8.05
28,Galle,LK,2022-01-20 22:43:55,6.0367,80.217,74.8,83,62,3.44
29,Port Blair,IN,2022-01-20 22:43:56,11.6667,92.75,76.78,74,80,3.15
30,Arraial Do Cabo,BR,2022-01-20 22:42:21,-22.9661,-42.0278,76.17,88,1,15.28
31,Butaritari,KI,2022-01-20 22:43:56,3.0707,172.7902,81.63,72,82,17.72
32,Thompson,CA,2022-01-20 22:42:16,55.7435,-97.8558,-5.64,71,75,8.05
33,Corner Brook,CA,2022-01-20 22:41:21,48.9667,-57.9484,28.56,95,100,5.53
34,New Norfolk,AU,2022-01-20 22:43:56,-42.7826,147.0587,70.66,39,77,1.12
35,Puerto Del Rosario,ES,2022-01-20 22:43:57,28.5004,-13.8627,67.75,56,0,3.44
36,Taksimo,RU,2022-01-20 22:43:57,56.3444,114.8794,-19.05,95,27,0.89
37,Rondonopolis,BR,2022-01-20 22:42:08,-16.4708,-54.6356,75.79,84,65,4.16
38,Narsaq,GL,2022-01-20 22:43:58,60.9167,-46.05,26.82,88,100,23.69
39,Santa Cruz,BO,2022-01-20 22:39:45,-17.8,-63.1667,89.65,51,20,12.66
40,Ushuaia,AR,2022-01-20 22:43:58,-54.8,-68.3,73.06,28,0,8.05
41,Busselton,AU,2022-01-20 22:43:59,-33.65,115.3333,72.09,39,12,8.84
42,Tynda,RU,2022-01-20 22:43:59,55.1667,124.7167,-25.51,95,6,2.19
43,Lebu,CL,2022-01-20 22:45:00,-37.6167,-73.65,60.17,64,0,3.8
44,Iqaluit,CA,2022-01-20 22:45:00,63.7506,-68.5145,-23.31,67,75,4.0
45,Vaini,TO,2022-01-20 22:45:00,-21.2,-175.2,81.73,80,7,16.55
46,Constitucion,CL,2022-01-20 22:45:01,-35.3333,-72.4167,61.29,61,0,14.0
47,Hermanus,ZA,2022-01-20 22:45:01,-34.4187,19.2345,62.91,81,0,8.28
48,Ostrovnoy,RU,2022-01-20 22:45:01,68.0531,39.5131,12.22,86,96,7.25
49,Neuquen,AR,2022-01-20 22:45:02,-38.9516,-68.0591,84.09,45,0,2.3
50,Abnub,EG,2022-01-20 22:45:02,27.2696,31.1511,45.16,50,0,4.94
51,Newport,GB,2022-01-20 22:41:59,51.5877,-2.9984,35.08,80,49,3.47
52,Bredasdorp,ZA,2022-01-20 22:45:03,-34.5322,20.0403,58.32,88,0,1.14
53,Eydhafushi,MV,2022-01-20 22:45:03,5.1033,73.0708,80.33,69,89,2.93
54,Trairi,BR,2022-01-20 22:45:03,-3.2778,-39.2689,78.44,83,95,7.65
55,Dir,PK,2022-01-20 22:45:04,35.2058,71.8756,34.93,62,17,7.14
56,Aracati,BR,2022-01-20 22:45:04,-4.5617,-37.7697,80.6,76,54,10.22
57,Crowley,US,2022-01-20 22:45:04,30.2141,-92.3746,41.31,79,100,17.81
58,Coihaique,CL,2022-01-20 22:45:05,-45.5752,-72.0662,57.81,88,100,6.91
59,Beringovskiy,RU,2022-01-20 22:45:06,63.05,179.3167,-15.45,81,6,12.35
60,Kigoma,TZ,2022-01-20 22:45:06,-4.8769,29.6267,70.99,84,100,5.57
61,Manono,CD,2022-01-20 22:45:06,-7.3,27.4167,67.87,96,99,0.34
62,Faanui,PF,2022-01-20 22:45:07,-16.4833,-151.75,80.47,77,100,21.07
63,Pevek,RU,2022-01-20 22:45:07,69.7008,170.3133,-35.61,96,18,2.46
64,Kapaa,US,2022-01-20 22:42:18,22.0752,-159.319,82.47,69,0,4.0
65,Jumla,NP,2022-01-20 22:45:07,29.2747,82.1838,27.07,93,93,3.94
66,Qaanaaq,GL,2022-01-20 22:45:08,77.484,-69.3632,15.15,90,100,12.86
67,Palana,RU,2022-01-20 22:45:08,59.1167,159.9667,-1.1,90,4,6.58
68,Petropavlovsk-Kamchatskiy,RU,2022-01-20 22:45:09,53.0452,158.6483,25.39,54,75,11.18
69,Portland,US,2022-01-20 22:42:21,45.5234,-122.6762,59.04,81,40,1.01
70,Cherskiy,RU,2022-01-20 22:45:09,68.75,161.3,-38.45,99,21,1.1
71,Port Alfred,ZA,2022-01-20 22:45:10,-33.5906,26.891,70.29,88,27,19.04
72,East London,ZA,2022-01-20 22:43:28,-33.0153,27.9116,73.42,90,34,12.97
73,College,US,2022-01-20 22:45:11,64.8569,-147.8028,0.59,78,20,6.91
74,Nikolskoye,RU,2022-01-20 22:45:12,59.7035,30.7861,30.09,96,73,5.88
75,Shorapur,IN,2022-01-20 22:45:12,16.5167,76.75,68.2,42,61,5.19
76,Tocopilla,CL,2022-01-20 22:45:13,-22.092,-70.1979,71.17,78,56,10.89
77,Anchorage,US,2022-01-20 22:45:14,61.2181,-149.9003,28.27,92,100,4.0
78,Borgarnes,IS,2022-01-20 22:45:14,64.5383,-21.9206,46.81,97,86,10.67
79,Namibe,AO,2022-01-20 22:45:14,-15.1961,12.1522,70.38,83,100,6.53
80,Ternate,ID,2022-01-20 22:45:15,0.8,127.4,80.24,79,100,4.09
81,Sterling,US,2022-01-20 22:45:15,39.0062,-77.4286,35.46,59,75,14.97
82,Bethel,US,2022-01-20 22:45:15,41.3712,-73.414,31.57,60,0,9.22
83,Ornskoldsvik,SE,2022-01-20 22:45:16,63.2909,18.7153,30.02,64,33,19.57
84,Banepa,NP,2022-01-20 22:45:16,27.6298,85.5214,44.92,93,75,0.0
85,Turukhansk,RU,2022-01-20 22:45:16,65.8167,87.9833,6.04,94,100,16.33
86,Udachnyy,RU,2022-01-20 22:45:17,66.4167,112.4,-16.49,99,63,5.91
87,Fairbanks,US,2022-01-20 22:45:17,64.8378,-147.7164,0.61,79,20,4.61
88,Chokurdakh,RU,2022-01-20 22:46:17,70.6333,147.9167,-34.24,97,84,6.33
89,Florencia,IT,2022-01-20 22:46:17,43.7667,11.25,47.64,94,75,2.3
90,Saskylakh,RU,2022-01-20 22:46:18,71.9167,114.0833,-21.01,95,39,7.09
91,Muisne,EC,2022-01-20 22:46:18,0.6,-80.0333,80.71,83,99,11.14
92,Sukhobezvodnoye,RU,2022-01-20 22:46:18,57.0491,44.8891,14.18,85,99,11.48
93,Margate,GB,2022-01-20 22:46:19,51.3813,1.3862,38.7,76,77,8.01
94,Severo-Kurilsk,RU,2022-01-20 22:46:19,50.6789,156.125,29.48,86,100,22.39
95,Port-Cartier,CA,2022-01-20 22:46:19,50.0334,-66.8654,3.31,82,53,9.35
96,Srednekolymsk,RU,2022-01-20 22:46:19,67.45,153.6833,-40.63,99,40,5.82
97,Carnarvon,AU,2022-01-20 22:46:20,-24.8667,113.6333,69.87,88,0,0.0
98,Mar Del Plata,AR,2022-01-20 22:46:20,-38.0023,-57.5575,73.09,94,100,3.0
99,Shadrinsk,RU,2022-01-20 22:46:20,56.0852,63.6335,2.23,93,93,7.4
100,Gorontalo,ID,2022-01-20 22:46:20,0.5412,123.0595,75.51,94,100,4.0
101,Bengkulu,ID,2022-01-20 22:46:21,-3.8004,102.2655,74.77,87,100,3.89
102,General Roca,AR,2022-01-20 22:46:21,-39.0333,-67.5833,84.6,61,43,8.81
103,Seymchan,RU,2022-01-20 22:46:21,62.8833,152.4333,-45.72,100,78,0.81
104,Poum,NC,2022-01-20 22:46:22,-20.2333,164.0167,81.86,74,76,3.47
105,Kruisfontein,ZA,2022-01-20 22:46:22,-34.0033,24.7314,70.88,88,8,12.37
106,Socoltenango,MX,2022-01-20 22:46:22,16.2167,-92.25,75.63,32,3,1.57
107,Faratsiho,MG,2022-01-20 22:46:23,-19.4,46.95,56.8,97,100,4.47
108,Atuona,PF,2022-01-20 22:46:23,-9.8,-139.0333,78.96,76,52,22.93
109,Tual,ID,2022-01-20 22:46:23,-5.6667,132.75,83.43,77,100,17.85
110,Cockburn Town,TC,2022-01-20 22:46:23,21.4612,-71.1419,78.76,73,40,11.5
111,Redcliffe,AU,2022-01-20 22:46:25,-27.2307,153.0973,77.05,65,75,16.11
112,Sarangpur,IN,2022-01-20 22:46:25,23.5667,76.4667,59.04,76,12,6.15
113,Langenburg,DE,2022-01-20 22:46:25,49.2544,9.8458,32.85,83,100,11.5
114,Cidreira,BR,2022-01-20 22:46:26,-30.1811,-50.2056,77.58,92,5,13.29
115,Skjervoy,NO,2022-01-20 22:46:26,70.0311,20.9714,33.39,52,100,22.57
116,Zalantun,CN,2022-01-20 22:46:26,48.0,122.7167,-4.65,93,100,0.56
117,Pemangkat,ID,2022-01-20 22:46:26,1.1667,108.9667,75.31,90,100,5.01
118,Chany,RU,2022-01-20 22:46:27,55.3121,76.7647,-8.54,100,82,3.89
119,Avera,US,2022-01-20 22:46:27,33.194,-82.5271,54.72,97,100,6.2
120,Nhamunda,BR,2022-01-20 22:46:27,-2.1861,-56.7131,82.78,60,85,3.58
121,Pisco,PE,2022-01-20 22:46:27,-13.7,-76.2167,75.25,73,0,24.16
122,Arcata,US,2022-01-20 22:46:28,40.8665,-124.0828,63.68,80,0,1.01
123,Villefranche-De-Rouergue,FR,2022-01-20 22:46:30,44.3333,2.0,34.14,96,6,3.69
124,Georgetown,MY,2022-01-20 22:46:31,5.4112,100.3354,79.9,91,20,0.0
125,Ponta Do Sol,PT,2022-01-20 22:46:32,32.6667,-17.1,65.12,45,97,16.49
126,Avarua,CK,2022-01-20 22:43:43,-21.2078,-159.775,80.65,89,75,19.57
127,Humaita,BR,2022-01-20 22:46:32,-7.5061,-63.0208,76.98,92,98,2.13
128,Castro,BR,2022-01-20 22:46:33,-24.7911,-50.0119,67.44,89,74,4.94
129,Cangzhou,CN,2022-01-20 22:46:33,38.3167,116.8667,19.45,73,49,4.79
130,Puerto Ayora,EC,2022-01-20 22:47:33,-0.7393,-90.3518,84.16,92,93,4.0
131,Kamaishi,JP,2022-01-20 22:47:33,39.2667,141.8833,29.23,82,92,7.85
132,Aden,YE,2022-01-20 22:47:34,12.7794,45.0367,77.22,71,22,4.92
133,Cody,US,2022-01-20 22:43:57,44.5263,-109.0565,39.58,51,67,3.96
134,Kedrovyy,RU,2022-01-20 22:47:34,56.1667,91.8167,0.01,98,96,2.35
135,Port Elizabeth,ZA,2022-01-20 22:47:34,-33.918,25.5701,73.09,83,100,19.57
136,Plasy,CZ,2022-01-20 22:47:35,49.9345,13.3904,30.34,80,85,13.56
137,Qaqortoq,GL,2022-01-20 22:47:35,60.7167,-46.0333,27.1,85,100,27.0
138,Vila Velha,BR,2022-01-20 22:44:28,-20.3297,-40.2925,80.55,82,75,3.0
139,Hithadhoo,MV,2022-01-20 22:47:35,-0.6,73.0833,81.7,74,100,6.24
140,Upernavik,GL,2022-01-20 22:47:35,72.7868,-56.1549,3.52,95,100,12.95
141,Gornyy,RU,2022-01-20 22:47:36,55.1153,83.9059,-8.97,100,82,2.86
142,The Valley,AI,2022-01-20 22:47:36,18.217,-63.0578,78.66,78,75,17.27
143,Ardabil,IR,2022-01-20 22:47:36,38.2498,48.2933,9.95,100,40,9.22
144,Umba,RU,2022-01-20 22:47:36,66.6871,34.3429,8.82,97,94,2.93
145,Kailua,US,2022-01-20 22:47:37,21.4022,-157.7394,80.65,75,0,5.75
146,Blagoyevo,RU,2022-01-20 22:47:37,63.3667,47.9167,25.14,93,100,9.37
147,Lincoln,US,2022-01-20 22:44:08,40.8,-96.667,19.15,40,0,1.01
148,Katangli,RU,2022-01-20 22:47:37,51.7102,143.2326,6.87,76,100,15.82
149,Yellowknife,CA,2022-01-20 22:46:47,62.456,-114.3525,-8.88,77,100,19.57
150,Tignere,CM,2022-01-20 22:47:38,7.3667,12.65,61.92,24,23,2.42
151,Lalsk,RU,2022-01-20 22:47:38,60.7415,47.5862,19.89,92,100,9.08
152,Sabang,ID,2022-01-20 22:47:38,5.8933,95.3214,79.9,74,33,2.89
153,Arman,RU,2022-01-20 22:47:38,59.7,150.1667,-4.94,75,13,6.71
154,Navirai,BR,2022-01-20 22:47:39,-23.065,-54.1906,81.81,52,83,4.47
155,Dingle,PH,2022-01-20 22:47:39,10.9995,122.6711,73.78,94,62,7.16
156,Tanabe,JP,2022-01-20 22:47:39,33.7333,135.3667,36.54,68,36,14.47
157,Tarut,SA,2022-01-20 22:47:40,26.5733,50.0369,60.78,41,0,29.08
158,Bonthe,SL,2022-01-20 22:47:40,7.5264,-12.505,78.78,81,85,7.36
159,Hailey,US,2022-01-20 22:47:40,43.5196,-114.3153,22.86,80,100,4.61
160,Kahului,US,2022-01-20 22:47:40,20.8947,-156.47,82.42,70,40,9.22
161,Cedar City,US,2022-01-20 22:47:41,37.6775,-113.0619,42.4,42,0,3.44
162,Butembo,CD,2022-01-20 22:47:41,0.15,29.2833,56.95,87,96,1.99
163,Colares,PT,2022-01-20 22:47:41,38.7992,-9.4469,54.9,47,0,1.99
164,Aasiaat,GL,2022-01-20 22:47:41,68.7098,-52.8699,16.52,76,100,21.83
165,Leningradskiy,RU,2022-01-20 22:47:42,69.3833,178.4167,-34.13,92,7,3.56
166,Fort Nelson,CA,2022-01-20 22:47:42,58.8053,-122.7002,2.79,78,100,14.97
167,Cabo San Lucas,MX,2022-01-20 22:47:42,22.8909,-109.9124,77.95,74,100,5.53
168,Barrow,US,2022-01-20 22:47:42,71.2906,-156.7887,-18.38,76,100,5.75
169,Umea,SE,2022-01-20 22:47:43,63.8284,20.2597,30.13,59,30,19.57
170,Foam Lake,CA,2022-01-20 22:43:11,51.65,-103.5343,8.62,79,87,16.28
171,Trat,TH,2022-01-20 22:47:43,12.5,102.5,81.99,92,50,2.01
172,Kreminna,UA,2022-01-20 22:47:43,49.0495,38.2179,26.02,88,96,13.94
173,Te Anau,NZ,2022-01-20 22:47:44,-45.4167,167.7167,60.57,62,57,2.89
174,Hasaki,JP,2022-01-20 22:47:44,35.7333,140.8333,28.8,49,1,19.93
175,Rafaela,AR,2022-01-20 22:47:44,-31.2503,-61.4867,87.57,53,40,0.92
176,Provideniya,RU,2022-01-20 22:47:45,64.3833,-173.3,-0.29,65,0,17.9
177,Nantucket,US,2022-01-20 22:46:21,41.2835,-70.0995,35.71,91,100,18.57
178,Smithers,CA,2022-01-20 22:45:11,54.7804,-127.1743,28.72,86,40,0.0
179,Ananas,HT,2022-01-20 22:48:45,19.2466,-71.9557,75.27,62,63,7.81
180,Pathein,MM,2022-01-20 22:48:45,16.7833,94.7333,67.17,86,50,5.21
181,Palauig,PH,2022-01-20 22:48:46,15.435,119.9045,76.32,73,96,4.99
182,Ballina,AU,2022-01-20 22:48:46,-28.8667,153.5667,76.96,64,100,17.27
183,Hammerfest,NO,2022-01-20 22:48:46,70.6634,23.6821,27.05,86,75,20.71
184,Prado,BR,2022-01-20 22:48:47,-17.3411,-39.2208,75.51,85,0,6.35
185,Paamiut,GL,2022-01-20 22:48:47,61.994,-49.6678,20.05,83,100,15.99
186,Tuatapere,NZ,2022-01-20 22:48:47,-46.1333,167.6833,57.81,65,71,8.37
187,Abeche,TD,2022-01-20 22:48:47,13.8292,20.8324,62.15,18,1,10.8
188,Salvador,SV,2022-01-20 22:44:25,13.8333,-88.9167,86.05,33,5,3.74
189,Los Banos,PH,2022-01-20 22:48:48,14.1667,121.1833,75.81,88,68,6.8
190,Tuy Hoa,VN,2022-01-20 22:48:48,13.0833,109.3,70.43,86,90,5.79
191,Dwarka,IN,2022-01-20 22:48:49,22.2394,68.9678,72.01,90,0,10.45
192,Grindavik,IS,2022-01-20 22:48:49,63.8424,-22.4338,46.35,100,75,26.46
193,Jacmel,HT,2022-01-20 22:48:49,18.2342,-72.5347,87.64,76,9,3.22
194,Iranshahr,IR,2022-01-20 22:48:49,27.2025,60.6848,58.59,69,0,4.94
195,Vresina,CZ,2022-01-20 22:48:50,49.8242,18.1257,29.86,92,20,11.5
196,Lavrentiya,RU,2022-01-20 22:48:50,65.5833,-171.0,-20.29,94,35,9.64
197,Rio Grande,BR,2022-01-20 22:44:51,-32.035,-52.0986,74.95,92,68,12.59
198,Machaneng,BW,2022-01-20 22:48:50,-23.1862,27.4886,71.92,60,9,8.99
199,Yaring,TH,2022-01-20 22:48:51,6.8662,101.3689,73.65,88,8,8.32
200,Klyuchi,RU,2022-01-20 22:48:51,52.2667,79.1667,-8.34,100,80,3.27
201,Imperia,IT,2022-01-20 22:48:51,43.9667,7.7833,42.4,77,7,4.85
202,Zhanaozen,KZ,2022-01-20 22:48:51,43.3,52.8,29.14,96,100,16.15
203,Roma,US,2022-01-20 22:48:52,43.2128,-75.4557,13.86,68,0,12.66
204,Trindade,BR,2022-01-20 22:48:52,-16.6494,-49.4889,83.95,63,82,2.24
205,Necochea,AR,2022-01-20 22:48:52,-38.5473,-58.7368,73.04,89,94,17.05
206,Kavieng,PG,2022-01-20 22:48:52,-2.5744,150.7967,82.47,74,100,7.83
207,Port Hardy,CA,2022-01-20 22:45:11,50.6996,-127.4199,46.58,87,75,6.91
208,Dikson,RU,2022-01-20 22:48:53,73.5069,80.5464,3.78,94,100,13.85
209,Namatanai,PG,2022-01-20 22:48:53,-3.6667,152.4333,81.66,79,97,6.62
210,Geraldton,AU,2022-01-20 22:48:53,-28.7667,114.6,80.13,18,0,1.14
211,Rocha,UY,2022-01-20 22:48:54,-34.4833,-54.3333,74.37,95,55,12.53
212,Pasco,US,2022-01-20 22:48:24,28.292,-82.4165,75.45,62,12,5.03
213,Hammond,US,2022-01-20 22:48:54,41.5834,-87.5,19.98,71,100,4.0
214,Katherine,AU,2022-01-20 22:48:54,-14.4667,132.2667,84.52,74,40,1.14
215,Clarence Town,AU,2022-01-20 22:48:55,-32.5833,151.7833,76.14,66,96,9.15
216,Nanortalik,GL,2022-01-20 22:48:55,60.1432,-45.2371,26.62,75,100,25.05
217,Cayenne,GF,2022-01-20 22:48:55,4.9333,-52.3333,78.1,91,75,5.99
218,Ribeira Grande,PT,2022-01-20 22:49:55,38.5167,-28.7,62.49,83,100,13.09
219,Olafsvik,IS,2022-01-20 22:49:56,64.8945,-23.7142,44.71,89,96,29.77
220,Khatanga,RU,2022-01-20 22:49:56,71.9667,102.5,-4.72,83,100,9.44
221,Coahuayana,MX,2022-01-20 22:49:56,18.7333,-103.6833,81.97,54,92,5.75
222,West Bay,KY,2022-01-20 22:49:56,19.3667,-81.4167,84.27,72,20,1.99
223,Henties Bay,NA,2022-01-20 22:49:57,-22.116,14.2845,68.86,87,100,3.02
224,Jiwani,PK,2022-01-20 22:49:57,25.05,61.7417,73.51,56,0,23.96
225,Asheville,US,2022-01-20 22:46:53,35.6009,-82.554,39.16,81,100,3.0
226,Asau,RO,2022-01-20 22:49:58,46.4333,26.4,35.96,70,23,10.8
227,Nemuro,JP,2022-01-20 22:49:58,43.3236,145.575,28.31,72,90,22.17
228,Daye,CN,2022-01-20 22:49:58,30.0833,114.95,44.8,83,100,8.21
229,Flinders,AU,2022-01-20 22:49:58,-34.5833,150.8552,71.19,82,76,5.99
230,Merauke,ID,2022-01-20 22:49:59,-8.4667,140.3333,81.01,80,99,6.98
231,Launceston,AU,2022-01-20 22:49:59,-41.45,147.1667,65.61,65,20,3.0
232,Angoche,MZ,2022-01-20 22:49:59,-16.2325,39.9086,74.62,90,14,9.13
233,Chuy,UY,2022-01-20 22:50:00,-33.6971,-53.4616,75.25,94,42,12.03
234,Zafra,ES,2022-01-20 22:50:00,38.4167,-6.4167,44.89,70,0,1.83
235,Lakatoro,VU,2022-01-20 22:50:00,-16.0999,167.4164,85.28,72,37,0.6
236,Clyde River,CA,2022-01-20 22:50:01,70.4692,-68.5914,-1.97,78,100,4.61
237,Pathanamthitta,IN,2022-01-20 22:50:01,9.2667,76.7833,70.56,89,92,2.21
238,Huarmey,PE,2022-01-20 22:50:02,-10.0681,-78.1522,74.52,78,64,12.53
239,Karasuk,RU,2022-01-20 22:50:02,53.7377,78.0403,-8.91,100,54,4.43
240,Jalu,LY,2022-01-20 22:50:03,29.0331,21.5482,52.18,54,4,1.66
241,Comodoro Rivadavia,AR,2022-01-20 22:50:03,-45.8667,-67.5,58.86,100,75,14.97
242,Kang,BW,2022-01-20 22:50:03,-23.6752,22.7876,76.33,48,91,8.05
243,Matara,LK,2022-01-20 22:50:04,5.9485,80.5353,72.82,85,53,2.95
244,Torbay,CA,2022-01-20 22:50:04,47.6666,-52.7314,45.75,93,100,18.41
245,Naze,JP,2022-01-20 22:48:50,28.3667,129.4833,54.52,64,92,12.88
246,Vinh,VN,2022-01-20 22:50:05,18.6667,105.6667,64.04,86,100,3.89
247,Gualaquiza,EC,2022-01-20 22:50:05,-3.4,-78.55,68.31,91,51,2.26
248,Yambio,SS,2022-01-20 22:50:05,4.5721,28.3955,68.9,38,65,3.87
249,Esperance,AU,2022-01-20 22:50:05,-33.8667,121.9,58.84,77,0,7.02
250,Bandarbeyla,SO,2022-01-20 22:50:06,9.4942,50.8122,75.38,74,39,15.28
251,Brzeg,PL,2022-01-20 22:50:06,50.8608,17.4674,28.78,79,100,18.84
252,Dinar,TR,2022-01-20 22:50:06,38.065,30.1656,21.16,76,1,4.03
253,Ancud,CL,2022-01-20 22:49:03,-41.8697,-73.8203,60.33,73,89,11.25
254,Acapulco,MX,2022-01-20 22:50:07,16.8634,-99.8901,81.9,64,74,9.26
255,San Vicente,AR,2022-01-20 22:50:07,-26.6167,-54.1333,77.88,60,54,4.32
256,Kutum,SD,2022-01-20 22:50:07,14.2,24.6667,50.56,22,20,8.63
257,Sitka,US,2022-01-20 22:50:08,57.0531,-135.33,39.09,93,100,6.91
258,Talnakh,RU,2022-01-20 22:49:05,69.4865,88.3972,13.21,95,100,15.37
259,Meulaboh,ID,2022-01-20 22:50:08,4.1363,96.1285,75.25,89,24,3.49
260,Aklavik,CA,2022-01-20 22:50:09,68.2191,-135.0107,-14.8,70,40,4.61
261,Hay River,CA,2022-01-20 22:50:09,60.8156,-115.7999,-7.62,77,100,21.85
262,Pervomayskoye,RU,2022-01-20 22:50:09,43.919,46.7102,27.18,78,53,2.93
263,Hoquiam,US,2022-01-20 22:50:09,46.9809,-123.8893,49.06,91,75,14.97
264,Saint George,US,2022-01-20 22:46:08,37.1041,-113.5841,59.47,29,0,3.0
265,Isangel,VU,2022-01-20 22:50:10,-19.55,169.2667,86.11,79,75,4.61
266,Liverpool,GB,2022-01-20 22:51:02,53.4106,-2.9779,34.68,88,45,2.3
267,Vostok,RU,2022-01-20 22:51:11,46.4856,135.8833,-20.06,99,99,3.65
268,Adre,TD,2022-01-20 22:51:11,13.4667,22.2,58.64,18,13,14.97
269,Port Lincoln,AU,2022-01-20 22:51:11,-34.7333,135.8667,73.44,77,95,14.41
270,Mahebourg,MU,2022-01-20 22:51:12,-20.4081,57.7,80.89,94,75,10.36
271,Mongo,TD,2022-01-20 22:51:12,12.1844,18.693,65.95,25,1,7.11
272,Marsh Harbour,BS,2022-01-20 22:51:12,26.5412,-77.0636,74.23,77,1,11.65
273,Tezu,IN,2022-01-20 22:51:13,27.9167,96.1667,54.86,82,100,2.57
274,Kaitangata,NZ,2022-01-20 22:51:13,-46.2817,169.8464,59.94,59,72,11.3
275,Moron,AR,2022-01-20 22:51:13,-34.6534,-58.6198,81.01,85,0,5.01
276,Alta Floresta,BR,2022-01-20 22:51:13,-9.8756,-56.0861,71.62,94,87,1.05
277,Jardim,BR,2022-01-20 22:51:14,-21.4803,-56.1381,70.93,97,82,6.33
278,Onega,RU,2022-01-20 22:51:15,63.9061,38.1404,30.87,98,100,7.27
279,Karratha,AU,2022-01-20 22:51:15,-20.7377,116.8463,85.57,60,15,10.22
280,Yarada,IN,2022-01-20 22:51:15,17.65,83.2667,70.12,100,40,2.3
281,Saint-Philippe,RE,2022-01-20 22:51:16,-21.3585,55.7679,76.59,82,79,8.66
282,Airai,TL,2022-01-20 22:51:16,-8.9266,125.4092,61.11,99,100,4.09
283,Alekseyevka,RU,2022-01-20 22:51:16,50.6309,38.6903,18.91,84,100,13.09
284,Evensk,RU,2022-01-20 22:51:16,61.95,159.2333,-7.71,71,1,7.29
285,Ekhabi,RU,2022-01-20 22:51:17,53.5102,142.9671,-3.55,88,93,15.7
286,Adrar,MR,2022-01-20 22:51:17,20.5022,-10.0711,66.36,17,38,11.65
287,Ajdabiya,LY,2022-01-20 22:51:17,30.7554,20.2263,53.47,76,13,6.06
288,Bosobolo,CD,2022-01-20 22:51:18,4.1833,19.9,74.53,41,65,1.77
289,San Patricio,US,2022-01-20 22:51:18,28.017,-97.5169,43.21,51,100,15.77
290,Smidovich,RU,2022-01-20 22:51:18,48.6,133.8167,-26.95,100,19,3.96
291,Hereford,GB,2022-01-20 22:51:19,52.0568,-2.7148,34.79,89,77,2.51
292,China,MX,2022-01-20 22:50:43,25.7,-99.2333,49.95,30,100,23.58
293,Saint-Pierre,RE,2022-01-20 22:51:19,-21.3393,55.4781,76.68,88,100,3.44
294,Calvinia,ZA,2022-01-20 22:51:19,-31.4707,19.776,79.27,15,41,2.95
295,Reconquista,AR,2022-01-20 22:51:19,-29.15,-59.65,89.82,42,50,6.91
296,Aksu,CN,2022-01-20 22:51:20,41.1231,80.2644,25.16,45,4,4.12
297,Egvekinot,RU,2022-01-20 22:51:20,66.3167,-179.1667,-13.52,69,0,16.67
298,Biak,ID,2022-01-20 22:51:20,-0.9131,122.8766,77.23,80,100,2.42
299,Changqing,CN,2022-01-20 22:51:21,36.5575,116.7272,25.79,67,86,2.93
300,Mutata,CO,2022-01-20 22:51:21,7.2441,-76.4356,77.11,95,97,0.98
301,Knyaze-Volkonskoye,RU,2022-01-20 22:51:21,48.4642,135.4567,-21.66,100,71,4.21
302,Kisanga,TZ,2022-01-20 22:51:21,-7.4362,37.7034,73.35,97,100,2.51
303,Espirito Santo Do Pinhal,BR,2022-01-20 22:51:22,-22.1158,-46.6828,77.72,91,71,3.65
304,Palmer,US,2022-01-20 22:51:22,42.1584,-72.3287,30.61,52,75,4.0
305,Nampula,MZ,2022-01-20 22:51:22,-15.1165,39.2666,71.55,94,75,10.36
306,Poplar Bluff,US,2022-01-20 22:51:22,36.757,-90.3929,26.49,43,0,10.36
307,Dayong,CN,2022-01-20 22:51:23,25.0209,118.2898,58.89,80,98,2.82
308,Bambous Virieux,MU,2022-01-20 22:51:23,-20.3428,57.7575,80.85,94,75,10.36
309,Cross Lanes,US,2022-01-20 22:51:23,38.4204,-81.7907,25.18,85,100,3.44
310,Kyra,RU,2022-01-20 22:51:23,49.5776,111.9753,2.05,99,96,2.73
311,Kem,RU,2022-01-20 22:51:24,64.9555,34.5793,19.72,90,100,6.42
312,Tak Bai,TH,2022-01-20 22:51:24,6.2595,102.0546,73.38,91,53,5.48
313,Manggar,ID,2022-01-20 22:52:24,-2.8833,108.2667,77.22,85,100,7.18
314,Iskateley,RU,2022-01-20 22:52:24,67.6803,53.1512,21.56,93,100,16.51
315,Los Llanos De Aridane,ES,2022-01-20 22:52:25,28.6585,-17.9182,62.35,93,40,5.01
316,Bad Goisern,AT,2022-01-20 22:52:25,47.6425,13.6161,33.71,100,100,6.93
317,Labuhan,ID,2022-01-20 22:52:25,-6.8844,112.2051,74.88,87,100,4.56
318,Alihe,CN,2022-01-20 22:52:26,50.5667,123.7167,-5.01,96,100,1.41
319,Gladstone,AU,2022-01-20 22:52:26,-23.85,151.25,79.79,69,40,16.11
320,Mandurah,AU,2022-01-20 22:52:26,-32.55,115.7,83.21,36,2,8.61
321,Taoudenni,ML,2022-01-20 22:52:26,22.6783,-3.9836,63.36,18,25,10.29
322,Abhar,IR,2022-01-20 22:52:27,36.1468,49.218,11.89,84,38,9.91
323,Emerald,AU,2022-01-20 22:49:20,-23.5333,148.1667,77.14,73,75,17.27
324,Ust-Nera,RU,2022-01-20 22:52:27,64.5667,143.2,-37.12,96,49,4.81
325,Ilulissat,GL,2022-01-20 22:52:27,69.2167,-51.1,15.19,93,100,15.64
326,Sur,OM,2022-01-20 22:52:28,22.5667,59.5289,72.72,76,5,6.06
327,Lashio,MM,2022-01-20 22:52:28,22.9333,97.75,48.78,95,27,1.52
328,Hofn,IS,2022-01-20 22:52:28,64.2539,-15.2082,42.26,80,78,5.19
329,Umm Lajj,SA,2022-01-20 22:52:28,25.0213,37.2685,62.47,37,0,20.18
330,Santa Ines,BR,2022-01-20 22:52:29,-3.6667,-45.38,74.28,93,91,3.56
331,Ondangwa,NA,2022-01-20 22:52:29,-17.9167,15.95,73.4,83,99,1.14
332,Yulara,AU,2022-01-20 22:52:29,-25.2406,130.9889,75.04,64,61,9.22
333,Muros,ES,2022-01-20 22:52:29,42.7762,-9.0603,52.09,67,0,15.32
334,Roswell,US,2022-01-20 22:49:04,34.0232,-84.3616,41.38,90,100,3.0
335,Deming,US,2022-01-20 22:47:57,32.2687,-107.7586,53.78,37,0,8.05
336,Berbera,SO,2022-01-20 22:52:30,10.4396,45.0143,76.96,70,12,3.15
337,Kucove,AL,2022-01-20 22:52:30,40.8003,19.9167,45.14,74,61,6.08
338,Morehead,US,2022-01-20 22:52:30,37.2711,-87.1764,24.51,71,100,3.0
339,Sakaiminato,JP,2022-01-20 22:52:31,35.55,133.2333,33.73,67,100,14.32
340,Lasa,IT,2022-01-20 22:52:31,46.6166,10.7002,29.62,95,54,8.9
341,Norman Wells,CA,2022-01-20 22:52:32,65.282,-126.8329,-11.16,64,100,18.41
342,Sambava,MG,2022-01-20 22:52:32,-14.2667,50.1667,75.88,90,100,5.01
343,Mogadishu,SO,2022-01-20 22:52:19,2.0371,45.3438,77.18,82,85,17.29
344,Mabaruma,GY,2022-01-20 22:52:32,8.2,-59.7833,72.41,98,72,3.8
345,Victoria,HK,2022-01-20 22:52:33,22.2855,114.1577,63.32,85,96,1.01
346,Natal,BR,2022-01-20 22:52:33,-5.795,-35.2094,82.62,74,0,11.5
347,Mikkeli,FI,2022-01-20 22:52:33,61.6886,27.2723,25.14,93,100,6.91
348,Harper,LR,2022-01-20 22:52:34,4.375,-7.7169,79.07,78,32,7.27
349,Arsenyev,RU,2022-01-20 22:52:34,44.1631,133.2733,-11.16,100,88,1.83
350,Marawi,PH,2022-01-20 22:52:34,7.9986,124.2928,61.65,80,82,1.9
351,Deputatskiy,RU,2022-01-20 22:52:35,69.3,139.9,-22.49,76,42,5.41
352,Baykit,RU,2022-01-20 22:52:35,61.67,96.37,-5.55,100,93,0.74
353,Otjimbingwe,NA,2022-01-20 22:52:35,-22.35,16.1333,73.74,76,100,2.53
354,Madaba,JO,2022-01-20 22:52:36,31.5833,35.6667,38.7,67,4,1.12
355,Longyearbyen,SJ,2022-01-20 22:53:36,78.2186,15.6401,8.44,72,20,3.44
356,Soe,ID,2022-01-20 22:53:36,-9.8607,124.284,65.68,97,100,3.06
357,Chumikan,RU,2022-01-20 22:53:37,54.7183,135.315,-11.49,89,16,19.22
358,Jiuquan,CN,2022-01-20 22:53:37,39.7432,98.5174,21.65,46,12,3.56
359,Klaksvik,FO,2022-01-20 22:53:37,62.2266,-6.589,45.52,89,99,26.22
360,Narasannapeta,IN,2022-01-20 22:53:37,18.4167,84.05,68.45,89,47,5.19
361,Miandrivazo,MG,2022-01-20 22:53:38,-19.5167,45.4667,75.88,83,100,2.64
362,Touros,BR,2022-01-20 22:51:57,-5.1989,-35.4608,81.5,70,26,11.05
363,Yeroham,IL,2022-01-20 22:53:38,30.9872,34.9314,42.31,68,15,1.95
364,Hirara,JP,2022-01-20 22:53:38,24.8,125.2833,64.26,72,75,13.8
365,Urk,NL,2022-01-20 22:53:39,52.6625,5.6014,40.98,83,99,16.37
366,Atambua,ID,2022-01-20 22:53:39,-9.1061,124.8925,73.06,96,100,9.13
367,Kampong Chhnang,KH,2022-01-20 22:53:39,12.1667,104.55,69.75,68,98,1.9
368,Uthal,PK,2022-01-20 22:53:39,25.8072,66.6219,69.94,90,12,2.77
369,Cooma,AU,2022-01-20 22:53:40,-36.2333,149.1333,58.77,67,100,12.66
370,Halifax,CA,2022-01-20 22:50:41,44.6453,-63.5724,32.47,93,100,1.99
371,Kristiinankaupunki,FI,2022-01-20 22:50:36,62.2743,21.376,28.96,67,20,20.42
372,Havelock,US,2022-01-20 22:53:40,34.8791,-76.9013,59.0,77,100,1.99
373,Labuan,MY,2022-01-20 22:53:40,5.2767,115.2417,77.36,94,20,0.0
374,Belmonte,BR,2022-01-20 22:52:13,-15.8631,-38.8828,81.1,77,3,5.99
375,Pacifica,US,2022-01-20 22:53:41,37.6138,-122.4869,69.78,63,0,3.0
376,Saldanha,ZA,2022-01-20 22:53:41,-33.0117,17.9442,62.65,87,0,14.18
377,Jizan,SA,2022-01-20 22:53:41,17.3333,42.6667,74.34,69,0,3.69
378,Sao Felix Do Xingu,BR,2022-01-20 22:53:41,-6.6447,-51.995,72.81,93,99,1.99
379,Truro,GB,2022-01-20 22:53:42,50.2653,-5.0544,37.56,80,75,8.05
380,Milkovo,RU,2022-01-20 22:53:42,54.7167,158.6167,6.03,96,100,2.35
381,Inta,RU,2022-01-20 22:53:42,66.0317,60.1659,18.18,82,100,21.88
382,Gilbues,BR,2022-01-20 22:53:43,-9.8317,-45.3439,77.16,60,8,2.13
383,Rudnya,RU,2022-01-20 22:53:43,54.947,31.0934,25.27,92,94,14.16
384,Lompoc,US,2022-01-20 22:53:43,34.6391,-120.4579,76.1,60,0,9.22
385,Williams Lake,CA,2022-01-20 22:53:43,52.1415,-122.1445,40.57,83,75,1.01
386,Prince Rupert,CA,2022-01-20 22:53:44,54.3161,-130.3201,42.89,93,100,3.44
387,Arona,ES,2022-01-20 22:53:44,28.0996,-16.681,59.9,58,20,4.61
388,Storm Lake,US,2022-01-20 22:53:44,42.6411,-95.2097,11.44,61,0,0.0
389,Katsuura,JP,2022-01-20 22:53:44,35.1333,140.3,37.18,46,43,21.0
390,Ayan,RU,2022-01-20 22:53:45,56.45,138.1667,-5.21,80,13,7.58
391,Balkanabat,TM,2022-01-20 22:53:45,39.5108,54.3671,39.38,74,100,9.62
392,Cap Malheureux,MU,2022-01-20 22:53:45,-19.9842,57.6142,81.09,90,46,3.0
393,Pontes E Lacerda,BR,2022-01-20 22:51:15,-15.2261,-59.3353,79.25,73,86,3.51
394,Praia,CV,2022-01-20 22:53:46,14.9215,-23.5087,72.14,73,40,9.22
395,Faya,SA,2022-01-20 22:53:46,18.3851,42.4509,50.11,75,1,2.64
396,Slobozia Bradului,RO,2022-01-20 22:53:46,45.5,27.05,34.72,63,91,5.55
397,Mogzon,RU,2022-01-20 22:53:46,51.7435,111.9606,-3.77,100,100,0.72
398,Pathalgaon,IN,2022-01-20 22:53:47,22.5667,83.4667,56.3,36,24,2.86
399,Knysna,ZA,2022-01-20 22:53:47,-34.0363,23.0471,69.98,83,98,3.33
400,Mao,ES,2022-01-20 22:53:47,39.8885,4.2658,45.16,93,44,6.91
401,Laredo,US,2022-01-20 22:53:47,27.5064,-99.5075,48.2,33,100,14.97
402,Ostersund,SE,2022-01-20 22:52:28,63.1792,14.6357,24.62,80,7,16.11
403,Kemin,KG,2022-01-20 22:54:48,42.7846,75.6892,29.35,45,0,8.16
404,Eucaliptus,BO,2022-01-20 22:54:49,-17.5833,-67.5167,56.82,49,96,10.22
405,Marica,BR,2022-01-20 22:51:13,-22.9194,-42.8186,84.15,91,4,10.18
406,Bucsa,HU,2022-01-20 22:54:49,47.2,21.0,32.99,66,39,12.35
407,Okha,RU,2022-01-20 22:54:50,53.5739,142.9478,-3.33,88,92,15.32
408,Kroonstad,ZA,2022-01-20 22:54:11,-27.6504,27.2349,68.36,52,64,10.04
409,Alofi,NU,2022-01-20 22:54:50,-19.0595,-169.9187,84.09,74,75,18.41
410,Beyneu,KZ,2022-01-20 22:54:51,45.3167,55.2,29.32,86,100,7.7
411,Leshukonskoye,RU,2022-01-20 22:54:51,64.8989,45.7622,30.13,95,100,9.62
412,Sao Filipe,CV,2022-01-20 22:54:51,14.8961,-24.4956,72.97,78,100,4.36
413,San Alberto,CO,2022-01-20 22:54:52,7.7611,-73.3922,83.48,67,58,2.73
414,Mansa,IN,2022-01-20 22:54:52,29.9833,75.3833,48.45,90,4,4.18
415,Dentsville,US,2022-01-20 22:54:52,34.064,-80.9582,52.92,93,100,1.99
416,Missoula,US,2022-01-20 22:52:29,47.0166,-113.8009,35.53,91,100,5.59
417,Ahuimanu,US,2022-01-20 22:54:52,21.4447,-157.8378,79.79,72,0,1.01
418,Hokitika,NZ,2022-01-20 22:54:53,-42.7167,170.9667,66.47,57,72,8.52
419,Palmas,BR,2022-01-20 22:54:53,-10.2128,-48.3603,85.87,66,40,0.0
420,Giraltovce,SK,2022-01-20 22:54:53,49.114,21.5173,31.3,74,14,6.73
421,Batesville,US,2022-01-20 22:53:39,35.7698,-91.641,28.09,46,0,5.75
422,Freeport,US,2022-01-20 22:50:51,40.6576,-73.5832,34.16,63,0,1.01
423,Semnan,IR,2022-01-20 22:54:55,35.5729,53.3971,37.24,30,40,4.61
424,Yazman,PK,2022-01-20 22:54:55,29.1212,71.7446,58.6,52,0,7.76
425,Campanha,BR,2022-01-20 22:54:56,-21.8361,-45.4006,71.08,86,13,2.42
426,Aquiraz,BR,2022-01-20 22:54:56,-3.9014,-38.3911,84.22,93,75,8.37
427,Terney,RU,2022-01-20 22:54:56,45.0503,136.6092,1.04,85,7,14.27
428,Akyab,MM,2022-01-20 22:54:57,20.15,92.9,61.48,83,8,6.58
429,Kaeo,NZ,2022-01-20 22:54:57,-35.1,173.7833,75.33,49,59,0.56
430,Sheridan,US,2022-01-20 22:54:57,44.8333,-106.9173,39.31,64,84,1.01
431,Gazojak,TM,2022-01-20 22:54:58,41.1875,61.4036,29.82,83,3,10.38
432,Talara,PE,2022-01-20 22:54:58,-4.5772,-81.2719,77.76,69,0,18.63
433,Invermere,CA,2022-01-20 22:54:58,50.5167,-116.0354,32.5,93,99,4.12
434,Pacific Grove,US,2022-01-20 22:54:58,36.6177,-121.9166,70.57,61,0,1.01
435,Qasigiannguit,GL,2022-01-20 22:54:59,68.8193,-51.1922,14.81,89,100,13.38
436,Springdale,US,2022-01-20 22:54:59,36.1867,-94.1288,25.88,45,96,8.01
437,Talcahuano,CL,2022-01-20 22:55:00,-36.7167,-73.1167,64.08,48,0,9.22
438,Shingu,JP,2022-01-20 22:55:00,33.7333,135.9833,36.59,62,4,6.53
439,Valleyview,CA,2022-01-20 22:55:00,55.0667,-117.2859,39.24,70,94,17.27
440,Kontagora,NG,2022-01-20 22:55:01,10.3999,5.4695,71.8,18,23,7.78
441,Fort Morgan,US,2022-01-20 22:50:42,40.2503,-103.8,36.1,64,0,4.61
442,Neiafu,TO,2022-01-20 22:55:01,-18.65,-173.9833,82.49,79,40,20.83
443,Colesberg,ZA,2022-01-20 22:55:02,-30.72,25.0972,76.15,40,5,4.5
444,Haines Junction,CA,2022-01-20 22:52:10,60.7522,-137.5108,10.35,79,100,0.0
445,Killam,CA,2022-01-20 22:55:02,52.7834,-111.8518,36.99,86,100,1.14
446,Praia Da Vitoria,PT,2022-01-20 22:55:02,38.7333,-27.0667,62.85,94,40,18.48
447,State College,US,2022-01-20 22:53:23,40.7934,-77.86,22.17,56,94,1.01
448,Goderich,CA,2022-01-20 22:55:03,43.7501,-81.7165,15.91,73,100,8.05
449,Quatre Cocos,MU,2022-01-20 22:55:03,-20.2078,57.7625,80.71,83,50,11.32
450,Yumen,CN,2022-01-20 22:55:03,40.2833,97.2,19.9,50,2,8.99
451,Onguday,RU,2022-01-20 22:56:04,50.75,86.15,-6.59,100,76,2.08
452,Macvanska Mitrovica,RS,2022-01-20 22:56:04,44.9656,19.5981,35.31,82,100,1.41
453,Vilhena,BR,2022-01-20 22:56:04,-12.7406,-60.1458,75.42,88,40,11.5
454,Sorland,NO,2022-01-20 22:56:04,67.667,12.6934,31.89,60,100,20.24
455,Chikwawa,MW,2022-01-20 22:56:05,-16.0335,34.8009,69.57,87,13,0.45
456,San Jose,US,2022-01-20 22:55:16,37.3394,-121.895,70.41,50,0,1.99
457,Vanavara,RU,2022-01-20 22:56:05,60.34,102.2797,3.58,99,97,4.18
458,Ucluelet,CA,2022-01-20 22:56:05,48.9329,-125.5528,49.05,91,99,5.01
459,Mount Gambier,AU,2022-01-20 22:56:06,-37.8333,140.7667,73.31,43,0,18.41
460,Batagay-Alyta,RU,2022-01-20 22:56:06,67.8006,130.4114,-20.29,87,40,6.24
461,Touho,NC,2022-01-20 22:56:06,-20.7833,165.2333,81.07,77,87,13.06
462,Buraydah,SA,2022-01-20 22:56:06,26.326,43.975,43.25,39,0,10.2
463,Zhuhai,CN,2022-01-20 22:56:07,22.2769,113.5678,63.05,82,0,8.05
464,High Level,CA,2022-01-20 22:56:07,58.5169,-117.136,10.51,79,75,12.66
465,Batemans Bay,AU,2022-01-20 22:56:07,-35.7167,150.1833,71.2,65,86,3.62
466,Oussouye,SN,2022-01-20 22:56:07,12.485,-16.5469,77.09,77,44,6.58
467,Russell,US,2022-01-20 22:56:08,32.3502,-85.1999,47.12,92,100,9.22
468,Elliot Lake,CA,2022-01-20 22:56:09,46.3834,-82.6331,-2.11,89,11,2.06
469,Elizabeth City,US,2022-01-20 22:56:09,36.2946,-76.2511,43.02,87,100,1.01
470,Pagudpud,PH,2022-01-20 22:56:09,18.5616,120.7868,71.56,85,18,13.65
471,Las Palmas,ES,2022-01-20 22:56:10,28.4204,-14.0131,65.19,56,0,3.44
472,Bud,US,2022-01-20 22:56:10,39.447,-86.1758,23.7,66,96,8.21
473,Acajutla,SV,2022-01-20 22:56:10,13.5928,-89.8275,92.8,59,9,8.21
474,Auki,SB,2022-01-20 22:56:10,-8.7676,160.7034,76.12,93,100,4.36
475,Caravelas,BR,2022-01-20 22:56:11,-17.7125,-39.2481,75.49,87,0,5.26
476,Kapuskasing,CA,2022-01-20 22:56:11,49.4169,-82.4331,-7.51,77,0,8.05
477,Tomball,US,2022-01-20 22:54:00,30.0972,-95.6161,43.81,63,100,1.01
478,Hornepayne,CA,2022-01-20 22:56:11,49.2138,-84.7705,-7.53,95,77,5.3
479,Parana,AR,2022-01-20 22:56:12,-31.732,-60.5238,97.57,67,22,6.67
480,Zaykovo,RU,2022-01-20 22:56:12,57.5613,62.7568,8.26,95,57,6.04
481,Maarianhamina,AX,2022-01-20 22:56:12,60.0973,19.9348,33.66,64,100,17.27
482,Kumano,JP,2022-01-20 22:56:12,34.3442,132.5894,33.94,78,24,5.64
483,Quelimane,MZ,2022-01-20 22:56:13,-17.8786,36.8883,72.18,87,13,4.7
484,Chichihualco,MX,2022-01-20 22:56:13,17.6833,-99.65,72.55,55,98,4.05
485,Popondetta,PG,2022-01-20 22:56:13,-8.7537,148.2534,74.75,96,100,1.54
486,Soyo,AO,2022-01-20 22:56:13,-6.1349,12.3689,76.95,81,19,7.4
487,Tayu,ID,2022-01-20 22:56:14,-6.5397,111.0518,75.13,86,100,1.88
488,Bilibino,RU,2022-01-20 22:56:14,68.0546,166.4372,-29.42,84,4,3.71
489,Lodja,CD,2022-01-20 22:56:15,-3.4833,23.4333,71.44,86,99,1.03
490,Rock Sound,BS,2022-01-20 22:56:16,24.9,-76.2,75.7,81,10,11.81
491,Yar-Sale,RU,2022-01-20 22:56:16,66.8333,70.8333,13.78,89,98,21.03
492,High Rock,BS,2022-01-20 22:56:16,26.6208,-78.2833,77.02,73,5,8.93
493,La Rioja,ES,2022-01-20 22:56:17,42.25,-2.5,36.05,93,97,8.59
494,Tilichiki,RU,2022-01-20 22:56:17,60.4667,166.1,-16.11,80,6,8.01
495,Maniitsoq,GL,2022-01-20 22:56:17,65.4167,-52.9,13.42,78,100,10.07
496,Flin Flon,CA,2022-01-20 22:56:18,54.7682,-101.865,-2.36,71,100,6.91
497,Miguel Pereira,BR,2022-01-20 22:56:18,-22.4539,-43.4689,76.93,98,29,2.01
498,Vardo,NO,2022-01-20 22:56:18,70.3705,31.1107,31.93,81,90,36.33
499,Hazaribag,IN,2022-01-20 22:56:18,23.9833,85.35,53.04,49,64,1.03
500,Oksfjord,NO,2022-01-20 22:57:19,70.2396,22.3479,28.99,71,100,13.53
501,Ust-Maya,RU,2022-01-20 22:57:19,60.4167,134.5333,-38.83,100,51,1.81
502,Maldonado,UY,2022-01-20 22:57:19,-34.6667,-54.9167,76.39,92,54,14.7
503,Souillac,MU,2022-01-20 22:57:19,-20.5167,57.5167,80.98,94,75,10.36
504,Dhidhdhoo,MV,2022-01-20 22:57:20,6.8833,73.1,80.98,63,99,6.08
505,Green River,US,2022-01-20 22:57:20,41.5286,-109.4662,40.15,63,24,20.62
506,Mangan,IN,2022-01-20 22:57:20,27.5167,88.5333,45.07,70,92,5.41
507,Lakes Entrance,AU,2022-01-20 22:57:21,-37.8811,147.981,68.16,61,1,4.16
508,Kimbe,PG,2022-01-20 22:57:21,-5.5502,150.1429,77.86,91,100,1.21
509,Kingisepp,RU,2022-01-20 22:57:21,59.3733,28.6134,24.12,96,96,3.65
510,Jacareacanga,BR,2022-01-20 22:57:21,-6.2222,-57.7528,74.75,97,93,1.16
511,Kalmunai,LK,2022-01-20 22:57:22,7.4167,81.8167,70.2,75,93,6.46
512,Jiancheng,CN,2022-01-20 22:57:22,30.391,104.5491,49.21,90,100,4.18
513,Bacungan,PH,2022-01-20 22:57:22,9.9106,118.7022,76.37,87,28,1.77
514,Nador,MA,2022-01-20 22:57:22,35.174,-2.9287,53.85,71,20,1.14
515,Huntington,US,2022-01-20 22:54:19,38.4193,-82.4452,25.32,94,100,2.73
516,Tigil,RU,2022-01-20 22:57:23,57.8,158.6667,-3.89,92,5,3.56
517,Dudinka,RU,2022-01-20 22:53:00,69.4058,86.1778,13.62,94,100,20.24
518,Whitehorse,CA,2022-01-20 22:55:58,60.7161,-135.0538,19.09,80,75,4.0
519,Calama,CL,2022-01-20 22:57:23,-22.4667,-68.9333,73.89,27,75,25.32
520,Purpe,RU,2022-01-20 22:57:23,64.4803,76.6897,9.59,92,19,16.46
521,Hamilton,US,2022-01-20 22:55:30,39.1834,-84.5333,25.43,56,26,1.99
522,Frederikssund,DK,2022-01-20 22:57:24,55.8396,12.069,36.82,68,2,14.0
523,Wucheng,CN,2022-01-20 22:57:24,29.6008,118.175,43.79,88,100,3.06
524,Mitsamiouli,KM,2022-01-20 22:57:24,-11.3847,43.2844,81.27,74,97,10.4
525,Falmouth,GB,2022-01-20 22:57:24,50.1544,-5.0711,36.5,87,20,5.75
526,Ponta Delgada,PT,2022-01-20 22:57:25,37.7333,-25.6667,63.32,77,40,18.41
527,Dunedin,NZ,2022-01-20 22:57:25,-45.8742,170.5036,63.81,55,68,13.0
528,Soledade,BR,2022-01-20 22:57:25,-28.8183,-52.5103,82.38,45,77,6.89
529,Odienne,CI,2022-01-20 22:57:26,9.51,-7.5692,71.96,15,29,4.23
530,Ilhabela,BR,2022-01-20 22:57:26,-23.7781,-45.3581,77.5,89,41,3.65
531,Melilla,ES,2022-01-20 22:57:26,35.2937,-2.9383,53.98,71,20,1.14
532,Beloha,MG,2022-01-20 22:57:26,-25.1667,45.05,70.07,83,95,10.51
533,Collie,AU,2022-01-20 22:57:27,-33.3667,116.15,69.98,29,11,7.67
534,Hue,VN,2022-01-20 22:57:27,16.4667,107.6,66.31,94,75,3.44
535,Santa Rosa,PH,2022-01-20 22:57:27,14.3122,121.1114,77.11,81,77,7.9
536,La Ronge,CA,2022-01-20 22:57:27,55.1001,-105.2842,7.05,72,100,8.05
537,Zhezkazgan,KZ,2022-01-20 22:57:28,47.8043,67.7144,19.26,96,100,5.68
538,Klyavlino,RU,2022-01-20 22:57:28,54.2649,52.0267,3.02,98,99,4.72
539,Impfondo,CG,2022-01-20 22:57:28,1.6381,18.0667,73.56,56,96,2.08
540,Mogwase,ZA,2022-01-20 22:57:29,-25.185,27.2665,71.04,52,14,2.17
541,Kulmbach,DE,2022-01-20 22:57:29,50.1,11.45,31.84,90,97,1.99
542,Clarksburg,US,2022-01-20 22:57:29,39.2807,-80.3445,23.94,67,100,5.57
543,Teahupoo,PF,2022-01-20 22:57:30,-17.8333,-149.2667,80.56,79,100,22.15
544,Cordoba,AR,2022-01-20 22:55:28,-31.4135,-64.1811,86.85,66,20,8.05
545,Ovre Ardal,NO,2022-01-20 22:57:30,61.3167,7.8,8.26,99,88,4.65
546,Pozo Colorado,PY,2022-01-20 22:58:30,-23.4923,-58.7972,91.17,41,54,8.1
547,Hirado,JP,2022-01-20 22:58:30,33.3597,129.5531,38.55,78,91,11.68
548,Opuwo,NA,2022-01-20 22:58:31,-18.0607,13.84,66.11,68,99,4.0
549,Oriximina,BR,2022-01-20 22:58:31,-1.7656,-55.8661,81.16,67,100,4.07
550,Tanout,NE,2022-01-20 22:58:31,14.9709,8.8879,54.28,18,0,11.79
551,San Cristobal,VE,2022-01-20 22:58:32,7.7669,-72.225,78.98,63,51,2.53
552,Anadyr,RU,2022-01-20 22:58:32,64.75,177.4833,-34.01,73,20,11.18
553,Aras,ES,2022-01-20 22:58:32,42.5617,-2.356,39.61,70,40,6.91
554,Florianopolis,BR,2022-01-20 22:57:12,-27.6146,-48.5012,81.63,78,40,4.0
555,Kununurra,AU,2022-01-20 22:58:32,-15.7667,128.7333,84.18,74,100,4.61
556,Gornopravdinsk,RU,2022-01-20 22:58:33,60.05,69.9,13.21,93,100,8.14
557,Camopi,GF,2022-01-20 22:58:33,3.1655,-52.3158,72.46,99,93,2.84
558,Bathsheba,BB,2022-01-20 22:58:33,13.2167,-59.5167,79.41,73,75,24.16
559,Nyurba,RU,2022-01-20 22:58:33,63.2842,118.3319,-10.25,99,93,4.47
560,Banyo,CM,2022-01-20 22:58:34,6.75,11.8167,66.02,29,23,3.56
561,Rancho Palos Verdes,US,2022-01-20 22:57:04,33.7445,-118.387,79.36,50,0,1.01
562,Quesnel,CA,2022-01-20 22:58:34,52.9999,-122.5029,36.1,93,100,4.61
563,Millinocket,US,2022-01-20 22:57:26,45.6573,-68.7098,11.91,79,7,7.94
564,Statesboro,US,2022-01-20 22:53:41,32.4488,-81.7832,63.93,82,100,4.61
565,Goundam,ML,2022-01-20 22:54:17,16.4145,-3.6708,65.97,16,0,10.85
566,Rabat,MA,2022-01-20 22:53:36,33.9911,-6.8401,52.03,100,48,3.44
567,Todos Santos,MX,2022-01-20 22:58:34,23.45,-110.2167,77.45,57,100,17.74
568,Lata,PT,2022-01-20 22:58:35,40.1629,-8.3327,46.92,82,0,3.74
569,Arcachon,FR,2022-01-20 22:58:35,44.5875,-1.0519,37.72,93,43,6.91
570,Havre-Saint-Pierre,CA,2022-01-20 22:58:35,50.2334,-63.5986,14.0,72,0,9.22
571,Batouri,CM,2022-01-20 22:58:36,4.4333,14.3667,72.03,31,46,3.65
572,Santa Maria,BR,2022-01-20 22:57:56,-29.6842,-53.8069,92.5,52,0,6.91
573,Bronnoysund,NO,2022-01-20 22:56:52,65.4625,12.1997,32.0,59,75,11.5
574,Alyangula,AU,2022-01-20 22:58:36,-13.8483,136.4192,82.27,89,49,2.3
575,Brigantine,US,2022-01-20 22:58:36,39.4101,-74.3646,33.28,82,100,17.54
576,Arzachena,IT,2022-01-20 22:58:36,41.0769,9.3887,45.84,66,84,16.69
577,Grand-Santi,GF,2022-01-20 22:58:37,4.25,-54.3833,72.79,98,100,2.62
578,Ust-Ilimsk,RU,2022-01-20 22:58:37,58.0006,102.6619,7.32,97,100,4.16
579,Makakilo City,US,2022-01-20 22:58:37,21.3469,-158.0858,78.62,67,21,5.53
580,Yakovlevka,RU,2022-01-20 22:58:38,44.425,133.4772,-11.25,100,96,1.12
581,Ust-Uda,RU,2022-01-20 22:58:38,54.1742,103.0304,-10.5,100,100,1.23
582,Tiksi,RU,2022-01-20 22:58:38,71.6872,128.8694,-13.92,96,96,9.91
583,Lively,CA,2022-01-20 22:58:39,46.4334,-81.1498,-3.19,72,75,1.86
584,Maxixe,MZ,2022-01-20 22:58:39,-23.8597,35.3472,74.44,76,91,9.78
585,Aswan,EG,2022-01-20 22:58:39,24.0934,32.907,49.66,51,0,8.88
586,Charters Towers,AU,2022-01-20 22:58:40,-20.1,146.2667,81.9,54,74,16.44
587,Eldorado,BR,2022-01-20 22:58:40,-23.7869,-54.2836,77.68,68,79,10.33
